SA2_CODE_2021,Indigenous_Aboriginal_M,Indigenous_Aboriginal_F,Indigenous_Aboriginal_P,Indigenous_Torres_Strait_Is_M,Indigenous_Torres_Strait_Is_F,Indigenous_Torres_Strait_Is_P,Indig_Bth_Abor_Torr_Strt_Is_M,Indig_Bth_Abor_Torr_Strt_Is_F,Indig_Bth_Abor_Torr_Strt_Is_P,Indigenous_TotM,Indigenous_TotF,Indigenous_TotP,Non_Indig_M,Non_Indig_F,Non_Indig_P,Indigenous_status_nsM,Indigenous_status_nsF,Indigenous_status_nsP,Tot_M,Tot_F,Tot_P
201011001,84,109,190,7,3,7,0,3,3,88,115,198,7853,8285,16146,244,240,489,8188,8648,16835
201011002,64,44,116,3,4,8,7,0,3,78,47,125,5369,6119,11490,261,251,515,5711,6420,12131
201011005,39,44,83,0,0,0,3,0,3,42,44,83,3409,3488,6901,147,131,278,3594,3664,7261
201011006,110,117,224,3,0,8,0,0,0,118,114,232,4785,5226,10013,206,206,418,5111,5553,10661
201011007,42,38,82,0,0,0,0,0,0,46,38,85,2085,1984,4071,41,33,71,2172,2055,4230
201011008,193,205,398,11,9,19,6,6,11,211,223,439,6840,7218,14056,420,422,847,7473,7863,15333
201011481,114,114,224,0,5,5,0,0,0,118,117,238,4218,4787,9006,244,204,450,4580,5111,9691
201011482,85,79,165,0,0,0,0,0,0,88,84,168,6767,7314,14080,246,254,498,7099,7648,14750
201011483,93,137,227,5,4,11,0,4,7,98,143,248,5490,5844,11336,328,309,637,5923,6299,12225
201011484,152,167,319,12,8,13,8,3,9,168,178,346,5581,6361,11936,378,428,802,6122,6965,13086
201021009,36,37,64,4,0,6,3,0,3,37,33,74,3041,3059,6100,210,178,389,3286,3273,6559
201021010,58,59,114,6,0,6,3,0,0,58,60,122,3703,3701,7401,275,285,563,4037,4045,8085
201021011,42,35,76,0,0,0,0,0,0,45,35,81,4504,4692,9195,332,351,680,4878,5077,9955
201021012,54,41,96,0,4,4,0,0,0,54,44,97,2986,2850,5842,228,203,432,3274,3102,6372
201031013,20,26,46,0,0,0,0,0,0,20,26,46,1640,1543,3184,159,147,306,1813,1717,3532
201031014,53,43,101,0,0,0,0,0,3,56,46,101,2208,1939,4146,195,196,391,2463,2185,4644
201031015,26,43,72,0,0,5,0,4,9,36,52,79,2331,2138,4470,186,154,339,2549,2348,4894
201031016,102,96,201,4,4,10,0,0,0,108,103,208,3594,3928,7521,209,227,439,3911,4254,8160
201031017,52,46,97,0,0,4,0,0,0,52,46,105,2529,2402,4928,271,221,491,2854,2676,5526
202011018,205,229,429,5,3,13,9,7,10,212,240,452,6566,6953,13514,486,485,963,7258,7669,14929
202011019,214,238,450,10,12,16,10,3,16,236,248,488,5670,6147,11809,305,346,658,6202,6745,12949
202011020,99,118,213,9,7,11,5,3,8,111,129,240,6227,6896,13122,294,334,627,6634,7355,13988
202011021,84,79,161,0,3,3,0,0,0,84,86,173,4158,4754,8913,178,185,361,4423,5022,9437
202011022,255,250,498,10,9,14,7,4,12,268,258,523,9096,10287,19384,561,568,1132,9923,11117,21043
202011023,32,31,67,4,0,9,0,0,0,40,35,78,2657,2657,5320,61,58,121,2756,2754,5518
202011024,50,43,91,0,5,4,0,0,0,55,48,103,5080,5189,10276,176,169,346,5313,5404,10719
202011025,171,187,354,8,0,9,0,7,10,179,193,371,6448,6991,13435,319,308,635,6948,7498,14446
202021026,70,52,127,3,0,3,0,0,0,70,52,125,3946,3856,7794,226,194,422,4244,4100,8344
202021027,93,54,142,6,0,4,0,4,4,92,55,153,5189,5329,10515,314,372,684,5598,5759,11352
202021028,54,62,118,0,0,6,0,0,0,57,62,123,4326,4201,8530,289,286,572,4667,4553,9225
202021029,39,42,77,0,0,0,0,0,3,41,39,85,2298,2136,4429,299,247,552,2638,2422,5062
202021030,45,44,91,3,0,3,0,0,3,52,46,96,4769,5055,9826,314,329,645,5136,5428,10562
202021031,29,12,46,0,0,0,0,6,6,29,14,45,3677,3895,7566,174,160,337,3882,4071,7949
202031032,51,57,110,0,0,3,0,0,0,55,60,111,2195,2157,4353,246,226,471,2493,2447,4934
202031033,63,83,148,5,7,14,0,5,5,69,95,162,3205,3132,6336,407,384,789,3676,3608,7289
203011034,51,46,95,3,9,5,0,0,0,53,48,104,3714,3662,7372,146,139,283,3914,3839,7754
203011035,49,50,95,0,0,0,3,6,8,49,54,103,3853,3687,7543,240,225,459,4140,3966,8111
203011036,27,22,45,3,3,7,0,0,5,27,26,58,3075,3091,6168,198,196,394,3301,3311,6614
203021037,104,90,194,0,7,9,5,4,10,106,97,204,6930,7352,14279,262,272,534,7307,7720,15017
203021039,76,80,154,0,0,3,0,0,0,74,83,159,6058,6606,12667,347,328,683,6485,7020,13504
203021040,105,99,200,8,6,10,5,5,8,121,107,221,9714,10610,20322,326,327,651,10153,11041,21200
203021042,63,46,111,0,0,0,5,0,3,65,52,114,11342,11875,23216,376,325,703,11785,12248,24034
203021043,254,149,404,7,3,12,6,6,7,265,161,424,10215,9482,19693,356,340,697,10830,9980,20817
203021044,71,81,154,0,0,0,0,3,3,76,83,160,6176,6560,12736,185,188,375,6436,6837,13272
203021045,124,162,286,10,11,15,4,3,5,133,175,302,6759,7461,14222,493,440,932,7391,8076,15462
203021046,37,37,74,0,5,5,0,4,4,42,37,78,4850,5178,10028,182,155,334,5070,5375,10445
203021047,91,101,188,0,0,5,0,0,0,95,100,194,7261,7722,14979,308,311,626,7662,8138,15795
203021485,49,72,120,0,0,0,0,0,0,51,74,122,4675,5159,9834,169,172,342,4897,5402,10300
203021486,191,201,401,4,3,8,7,5,13,204,217,419,8229,8442,16666,633,605,1236,9066,9258,18325
203021487,127,153,277,8,4,8,8,4,8,133,157,292,11460,12226,23691,377,409,787,11971,12797,24763
203021488,119,170,293,7,0,7,7,6,9,136,175,308,3858,3981,7842,425,473,900,4419,4629,9051
203031048,115,106,221,0,0,0,4,3,5,121,105,228,7754,8349,16102,231,243,474,8103,8700,16797
203031049,16,6,20,0,6,6,0,0,0,16,10,28,2885,2916,5797,222,194,413,3115,3115,6234
203031051,43,37,80,0,0,0,0,4,4,43,41,86,4277,4540,8819,312,319,634,4632,4901,9536
203031052,7,10,19,0,0,0,0,0,0,7,10,19,2416,2758,5175,161,158,321,2583,2931,5519
203031053,75,73,153,3,0,3,0,0,0,80,73,151,11475,11975,23442,517,495,1009,12063,12542,24607
203031489,54,61,111,0,0,0,0,0,0,61,63,117,5219,5494,10717,247,254,502,5530,5812,11333
203031490,62,54,110,3,0,3,0,6,5,64,55,121,8775,9731,18507,369,401,766,9204,10185,19394
204011054,63,47,107,4,0,0,0,0,0,63,47,114,3181,3122,6310,217,184,399,3465,3360,6828
204011055,65,51,113,0,7,8,0,8,8,72,62,125,2995,3170,6160,324,305,634,3387,3539,6922
204011056,138,152,292,7,3,8,4,0,4,141,158,303,7129,7312,14440,396,429,822,7664,7897,15563
204011057,41,63,103,5,4,6,0,0,0,47,63,111,4722,4834,9557,419,440,855,5183,5338,10517
204011058,43,36,77,4,0,4,0,0,0,46,35,81,2095,2040,4139,157,154,313,2300,2240,4537
204011059,81,110,194,6,8,13,0,6,8,89,121,211,2887,2943,5826,282,244,528,3257,3312,6569
204011060,63,51,117,0,0,0,6,0,6,63,51,120,2274,1927,4208,180,142,319,2521,2119,4645
204011061,4,5,8,0,0,0,0,0,0,4,5,8,98,90,186,34,17,49,129,110,238
204011062,36,31,66,6,7,11,0,0,0,39,34,79,1864,1779,3646,247,217,460,2151,2031,4182
204021063,102,112,211,0,3,3,0,0,0,107,116,218,4648,5163,9813,388,401,789,5141,5681,10822
204021064,26,35,59,0,0,0,0,0,0,26,35,65,1746,1641,3389,181,146,329,1954,1830,3781
204021065,34,44,78,3,0,6,0,0,4,42,49,90,1861,1906,3769,97,91,186,2005,2045,4047
204021066,190,217,414,10,7,9,11,7,19,208,231,440,8705,9741,18446,474,518,994,9395,10488,19882
204021067,63,53,112,0,0,5,0,3,3,71,53,119,4614,4552,9164,310,335,641,4992,4935,9925
204031068,22,24,45,0,0,0,0,0,0,22,24,49,2319,2394,4709,116,114,232,2459,2528,4986
204031069,29,43,69,0,0,0,0,0,0,30,43,68,4062,4071,8131,370,339,705,4459,4440,8903
204031070,18,25,44,0,0,0,0,5,7,22,30,53,1436,1477,2909,116,101,216,1572,1607,3184
204031071,34,37,68,0,0,0,5,0,5,40,37,72,2177,2252,4435,119,129,242,2333,2415,4745
204031072,49,58,112,0,0,0,0,3,3,51,65,112,2812,2743,5554,286,241,526,3152,3044,6196
204031073,236,271,507,8,14,16,5,14,25,251,296,548,6786,7296,14084,401,365,765,7432,7959,15396
204031075,41,40,83,0,0,0,5,0,4,40,39,87,2374,2455,4834,162,135,302,2583,2640,5221
204031491,175,160,328,3,5,10,3,4,3,177,163,341,5963,6126,12093,180,167,349,6321,6454,12778
204031492,261,307,564,11,11,21,0,0,3,277,320,595,6628,7023,13648,410,426,843,7316,7765,15082
205011076,172,178,350,4,4,5,0,0,0,185,178,357,8892,9511,18402,502,510,1014,9576,10197,19773
205011077,19,34,51,0,0,0,0,0,0,19,29,48,3097,2958,6054,258,227,483,3372,3218,6585
205011078,38,33,74,0,0,5,4,0,3,38,36,76,3846,3982,7832,224,234,458,4109,4251,8368
205011079,113,119,231,7,6,12,5,0,5,120,121,244,10372,11292,21667,552,589,1143,11051,12002,23051
205021080,0,0,0,0,0,0,0,0,0,0,0,0,0,0,0,0,0,0,0,0,0
205021081,373,359,731,5,10,13,3,7,10,378,368,750,6601,7364,13966,472,496,968,7449,8232,15684
205021082,73,75,148,0,3,5,0,0,4,78,74,150,3827,3703,7532,328,285,611,4227,4063,8290
205021083,0,0,0,0,0,0,0,0,0,0,0,0,0,0,0,0,0,0,0,0,0
205021084,180,150,330,0,0,0,0,0,0,184,149,332,4894,5020,9910,478,442,918,5547,5611,11164
205021085,167,182,352,0,0,0,0,3,3,169,186,352,2898,2758,5659,361,351,706,3428,3298,6727
205021086,38,58,92,3,0,3,0,0,0,38,59,95,3165,3426,6589,148,138,293,3349,3619,6977
205031087,58,63,118,0,5,3,3,0,5,64,65,126,4285,4280,8567,402,351,752,4750,4693,9446
205031088,0,0,0,0,0,0,0,0,0,0,0,0,59,69,126,4,6,7,70,73,139
205031089,67,53,124,5,0,5,0,3,3,72,57,131,4540,4624,9164,278,277,548,4882,4957,9842
205031090,37,49,88,11,7,13,0,0,0,46,53,97,5213,5507,10727,341,342,683,5601,5907,11502
205031091,61,61,124,6,0,6,4,5,6,63,63,134,6131,6531,12657,476,541,1012,6666,7132,13799
205031092,0,0,0,0,0,0,0,0,0,0,0,0,7,11,12,0,0,5,7,10,16
205031093,173,142,313,11,3,12,0,3,5,186,145,334,12126,12799,24920,759,782,1542,13065,13732,26792
205041094,107,112,217,3,9,9,0,4,4,105,126,236,5419,5462,10878,410,390,801,5934,5980,11912
205041095,207,201,404,9,14,31,6,11,18,226,228,453,7611,8035,15644,605,588,1197,8444,8849,17291
205041096,210,203,414,7,11,21,4,6,8,220,214,442,6177,6365,12543,739,709,1449,7136,7294,14432
205041098,47,43,86,5,4,3,0,0,0,50,41,91,2176,2165,4341,133,143,280,2358,2355,4707
205041493,103,117,220,8,9,10,4,7,6,112,123,241,5304,5700,11003,357,402,760,5773,6232,12000
205041494,90,95,182,10,7,11,0,3,6,95,108,205,7588,8205,15797,412,411,821,8094,8720,16822
205051099,0,0,0,0,0,0,0,0,0,0,0,0,12,7,19,3,0,6,14,10,23
205051100,31,30,65,0,0,0,0,0,0,39,30,67,2426,2108,4537,170,139,308,2634,2284,4915
205051101,104,129,233,5,0,9,0,0,5,117,128,242,6672,6830,13503,521,484,1009,7308,7444,14756
205051102,85,36,120,0,5,3,0,0,0,86,34,123,2544,1812,4353,229,215,446,2860,2059,4928
205051103,174,205,378,8,6,8,4,5,9,181,209,388,6726,7368,14096,420,390,814,7328,7973,15301
205051104,46,39,80,0,0,0,6,8,9,48,48,97,2516,2554,5069,212,229,439,2777,2825,5605
206011106,50,47,107,5,0,4,0,0,0,57,51,108,5651,6504,12153,241,232,476,5946,6792,12738
206011107,51,55,107,0,0,0,3,0,4,57,57,112,6550,7233,13785,192,230,418,6795,7522,14318
206011109,18,28,52,0,0,0,3,7,6,22,33,56,4857,5213,10073,133,124,263,5010,5378,10390
206011495,40,41,81,6,0,4,3,9,12,46,50,98,6042,6439,12478,144,169,314,6231,6658,12890
206011496,45,52,97,0,3,3,0,3,4,45,60,103,6024,6444,12464,226,187,411,6292,6685,12983
206011497,25,44,66,0,0,0,0,5,0,21,44,67,5795,6229,12028,214,221,438,6038,6494,12535
206011498,41,31,75,0,0,0,0,3,3,45,35,75,6604,7019,13624,169,160,330,6822,7211,14031
206021110,14,28,42,0,0,0,0,3,3,17,31,45,4118,4579,8696,122,126,251,4257,4735,8994
206021112,68,68,132,4,3,8,0,3,4,79,79,149,8692,9563,18255,257,253,506,9024,9892,18919
206021499,31,46,79,0,6,6,4,0,3,32,46,81,6922,7595,14520,223,241,463,7180,7886,15068
206021500,31,28,60,0,0,0,0,0,3,33,33,66,4630,5282,9910,146,175,325,4814,5486,10299
206031113,40,34,76,0,0,0,3,0,4,43,36,86,7054,7311,14360,369,381,751,7466,7728,15191
206031115,29,28,54,5,0,6,0,0,3,34,35,70,4015,4374,8386,294,316,614,4336,4727,9065
206031116,31,32,58,0,0,0,0,0,0,33,31,64,7537,8151,15689,250,220,468,7821,8401,16224
206031501,30,33,58,0,0,0,3,0,9,31,36,67,7520,7982,15501,218,255,477,7771,8273,16042
206031502,24,27,55,0,0,0,0,0,0,25,24,60,5668,6064,11734,198,203,402,5894,6294,12191
206041117,49,42,85,0,0,8,3,0,6,54,38,95,7594,7905,15503,543,513,1056,8191,8463,16655
206041118,26,18,44,0,0,6,0,4,3,34,20,50,7335,6785,14121,669,650,1317,8037,7459,15493
206041119,6,0,13,0,0,0,0,0,0,8,0,12,2222,2410,4630,128,135,260,2353,2545,4896
206041120,0,0,0,0,0,0,0,0,0,0,0,0,48,31,78,0,0,0,47,31,77
206041121,30,28,62,0,0,0,0,0,0,34,28,63,5013,5304,10316,194,179,371,5239,5505,10745
206041124,38,51,89,0,0,0,0,0,0,44,50,93,3232,3552,6789,200,220,420,3469,3826,7297
206041125,20,13,32,0,0,0,4,3,5,22,21,43,2766,3100,5867,257,259,516,3046,3373,6423
206041127,0,0,0,0,0,0,0,0,0,0,0,0,0,0,0,0,0,0,0,0,0
206041503,23,10,35,0,0,0,4,0,4,30,10,38,4414,4360,8771,530,508,1032,4971,4874,9848
206041504,18,23,49,0,0,0,0,0,5,21,24,52,7513,7928,15441,718,660,1382,8256,8608,16870
206041505,35,27,64,0,0,0,3,0,0,34,30,67,7250,7076,14326,634,614,1255,7925,7727,15648
206041506,48,50,98,0,0,0,0,4,3,52,53,101,6945,7318,14258,615,666,1277,7607,8034,15637
206041507,0,0,0,0,0,0,0,0,0,0,0,0,0,0,0,0,0,0,0,0,0
206041508,20,13,29,0,0,0,0,0,0,20,13,29,3041,2959,6001,222,209,432,3280,3180,6463
206041509,41,20,64,0,0,4,0,0,0,40,24,66,7721,7541,15267,395,372,769,8165,7937,16101
206041510,38,24,61,4,0,8,5,0,3,41,26,68,3615,3428,7044,169,171,337,3822,3620,7446
206051128,22,16,45,0,0,0,0,0,0,22,16,45,7320,7810,15135,314,331,646,7665,8159,15825
206051129,22,28,49,0,0,0,0,0,5,21,30,55,6558,7379,13938,411,420,830,6993,7824,14818
206051130,33,39,74,0,3,6,0,4,5,36,45,82,7209,8050,15255,420,428,849,7663,8530,16192
206051134,38,29,67,0,3,3,0,0,0,37,30,74,7279,7616,14894,456,392,849,7774,8040,15813
206051511,3,4,10,0,0,0,0,0,0,3,4,10,863,776,1638,128,129,255,999,912,1907
206051512,23,38,67,0,0,0,6,0,6,27,38,67,5404,5611,11021,294,310,605,5730,5966,11693
206051513,48,44,88,0,3,4,7,0,6,57,44,100,5444,5447,10895,482,382,866,5979,5879,11857
206051514,39,38,81,4,3,4,0,0,0,43,40,89,6247,6314,12564,620,581,1206,6912,6947,13858
206061135,6,20,22,0,0,0,0,0,0,10,20,23,4085,4876,8969,156,187,343,4253,5087,9336
206061136,54,41,93,3,0,3,0,0,0,52,40,94,8866,9272,18141,454,429,878,9365,9747,19119
206061138,15,13,27,0,0,0,0,0,0,15,13,27,5643,6519,12163,365,405,761,6021,6932,12953
206061515,22,10,30,0,0,0,0,0,0,26,8,37,4956,5386,10340,382,439,817,5364,5831,11192
206061516,26,30,55,0,0,0,0,0,0,28,29,55,4372,4920,9291,274,325,598,4670,5268,9939
206071139,29,21,52,0,0,0,3,0,3,31,21,56,4346,4211,8558,264,217,482,4637,4457,9088
206071140,13,18,33,3,0,3,0,0,0,15,14,29,3704,4197,7899,131,123,257,3845,4343,8186
206071141,32,33,67,0,0,0,0,0,0,34,31,71,4346,4174,8517,326,270,593,4701,4476,9179
206071142,25,28,48,6,0,6,0,0,6,29,27,58,4639,4947,9589,405,381,791,5072,5359,10431
206071143,34,39,81,0,0,0,0,0,0,36,44,79,5665,6547,12210,247,242,488,5945,6837,12781
206071145,22,27,49,0,0,0,0,0,0,24,27,53,4626,4840,9461,187,149,337,4832,5018,9855
206071517,47,60,102,0,0,0,0,0,0,43,61,105,8241,8602,16846,369,349,725,8660,9012,17671
206071518,39,30,65,3,3,5,0,0,0,45,33,74,6342,6759,13102,359,332,693,6748,7121,13867
207011146,20,5,31,0,0,0,0,0,0,20,11,35,3825,3917,7744,91,85,173,3940,4012,7952
207011147,20,15,35,0,0,0,0,0,0,18,17,33,7331,8410,15735,175,218,387,7522,8646,16163
207011148,24,21,40,6,0,6,0,0,0,24,21,43,10114,10506,20622,219,232,452,10361,10760,21123
207011149,22,19,38,5,0,5,0,0,0,23,19,42,9698,10928,20624,266,299,568,9983,11255,21232
207011150,25,12,33,0,0,0,0,0,0,25,10,35,8002,8420,16419,165,213,377,8185,8653,16829
207011152,16,30,46,3,0,3,0,0,0,18,30,49,7190,7959,15150,227,262,487,7436,8246,15684
207011154,12,8,21,0,0,0,0,0,0,12,8,21,3106,3213,6322,69,77,145,3190,3296,6482
207011155,23,16,36,0,0,0,0,0,0,23,16,36,7296,8153,15446,216,239,456,7533,8410,15944
207011519,20,12,27,0,0,0,0,0,0,15,13,27,4550,4941,9493,205,169,373,4766,5118,9890
207011520,16,11,22,0,0,0,0,0,0,11,11,29,5542,5958,11497,215,220,434,5773,6187,11957
207011521,22,27,49,0,0,0,0,0,0,25,26,53,5379,5910,11285,118,140,267,5519,6083,11601
207011522,26,15,37,0,0,0,0,0,0,26,14,44,6037,6472,12513,251,240,486,6308,6731,13039
207021156,19,12,25,0,0,0,0,0,5,22,9,32,5372,5637,11011,116,134,247,5507,5783,11289
207021157,29,34,61,0,0,0,0,0,0,29,31,63,11571,12507,24072,346,337,679,11942,12876,24814
207021159,17,14,30,0,0,0,3,0,3,16,14,34,7960,8525,16485,224,229,451,8199,8762,16966
207021160,21,8,32,0,0,0,0,0,0,21,13,32,6608,7196,13803,157,203,358,6790,7406,14191
207021424,13,12,26,0,0,0,0,0,0,12,12,26,7470,7892,15358,153,131,281,7638,8034,15672
207021425,3,3,12,0,4,0,0,0,3,10,7,20,7133,7863,14992,217,229,445,7349,8099,15454
207031161,34,25,56,0,0,0,0,0,0,33,25,58,10539,11088,21631,212,205,414,10782,11320,22106
207031162,17,17,35,0,0,0,0,0,0,17,17,35,5177,5466,10640,138,129,269,5334,5605,10939
207031163,32,30,60,0,0,4,0,4,6,30,37,71,10400,11196,21602,553,617,1173,10992,11849,22841
207031164,23,31,58,0,0,4,3,0,3,26,34,63,8521,9076,17592,237,229,463,8787,9335,18126
207031165,30,26,52,0,0,0,0,0,0,30,26,52,5539,6139,11680,310,293,606,5881,6457,12336
207031166,9,0,15,0,4,4,0,0,0,14,6,15,5105,5307,10404,123,126,251,5243,5432,10675
207031167,16,15,28,4,4,4,0,0,0,20,17,33,4693,5171,9868,136,130,269,4849,5312,10166
208011168,16,14,29,0,0,0,0,0,0,15,12,29,6554,7085,13640,164,190,350,6733,7288,14021
208011169,29,25,57,0,0,0,0,0,0,31,25,59,10358,11610,21974,325,400,724,10715,12035,22758
208011170,10,9,25,0,0,0,0,0,0,10,9,25,7753,8290,16046,227,242,471,7994,8548,16540
208011171,26,23,44,0,0,0,0,0,0,26,23,44,5714,6338,12049,180,166,343,5914,6523,12439
208011172,28,23,56,6,3,3,0,0,0,33,28,57,8460,9056,17512,301,327,631,8793,9407,18200
208011173,31,28,53,0,0,0,0,0,0,31,28,53,7905,8790,16697,289,318,609,8228,9127,17358
208021174,31,23,57,0,0,0,0,0,0,32,23,54,11628,12486,24120,332,389,718,11993,12899,24896
208021176,27,25,51,0,4,3,0,0,0,31,27,55,8711,9244,17955,251,270,521,8991,9545,18534
208021177,31,27,64,4,0,5,0,0,3,38,33,69,10355,11031,21388,407,501,907,10803,11560,22362
208021178,3,19,23,0,0,0,0,0,0,3,19,23,8471,9031,17502,279,272,549,8756,9319,18075
208021179,16,13,33,0,0,0,0,0,0,18,13,33,5434,6103,11532,147,193,341,5594,6302,11904
208021180,10,16,27,0,0,0,0,0,0,10,17,27,3540,3783,7325,105,105,212,3657,3904,7563
208021181,18,6,21,0,0,3,0,0,0,15,4,23,4490,4640,9132,95,120,216,4602,4770,9369
208021182,21,13,38,0,0,0,0,0,0,21,13,38,6262,6398,12662,200,228,429,6485,6641,13128
208021426,24,20,47,0,0,0,0,0,3,34,28,52,7857,8253,16109,190,227,423,8079,8507,16583
208021427,31,24,52,5,0,3,0,3,3,35,28,64,6718,6945,13662,157,175,331,6913,7146,14057
208031183,10,13,23,0,0,0,0,0,0,12,14,29,4329,4345,8677,75,66,150,4420,4435,8853
208031184,0,0,0,0,0,0,0,0,0,0,0,0,17,10,24,3,0,3,21,10,31
208031185,41,39,78,4,4,7,0,0,0,44,41,84,5592,6026,11620,164,163,320,5801,6228,12032
208031186,38,54,91,4,9,13,0,0,4,48,63,111,6783,7684,14466,317,314,627,7144,8058,15204
208031187,20,12,30,0,0,0,0,0,0,16,12,25,2491,2710,5200,84,77,164,2596,2794,5393
208031188,50,54,109,0,0,0,0,4,4,52,56,108,11088,12101,23191,356,427,789,11499,12591,24085
208031189,41,34,74,0,0,0,0,0,0,45,31,75,6373,6746,13120,178,185,368,6597,6965,13563
208031190,24,31,49,0,0,6,0,0,3,30,26,61,6073,6761,12836,154,152,310,6257,6943,13197
208031191,11,16,27,4,4,4,0,0,0,10,21,31,4323,4474,8794,141,143,290,4480,4639,9116
208031192,0,0,0,0,0,0,0,0,0,0,0,0,22,0,26,0,0,0,22,0,26
208031193,49,48,94,10,4,10,0,0,0,56,50,110,9727,10815,20534,259,292,553,10036,11157,21199
208041194,24,34,52,0,0,0,0,0,4,25,35,59,9189,10390,19581,310,298,601,9523,10718,20239
208041195,36,22,60,0,0,6,0,0,0,37,24,64,10331,10899,21228,324,304,628,10692,11227,21923
209011196,41,48,87,0,0,6,0,0,3,45,50,93,4846,4595,9439,162,140,301,5051,4784,9831
209011197,58,57,114,0,0,4,4,0,5,58,60,120,9790,10400,20192,232,265,499,10082,10725,20807
209011198,30,33,59,5,0,5,0,0,5,34,33,66,7446,8097,15546,206,223,425,7685,8358,16039
209011199,96,103,202,0,3,8,0,0,0,99,110,214,6798,7053,13853,426,362,789,7325,7525,14852
209011200,26,14,41,0,0,0,0,0,0,23,14,46,5642,6434,12076,170,167,336,5840,6612,12458
209011201,3,8,8,0,0,0,5,0,3,9,8,16,3693,3841,7535,89,103,197,3790,3950,7740
209011202,56,46,102,3,0,3,0,0,0,63,46,108,7642,8381,16024,219,182,401,7923,8618,16539
209011203,75,65,141,4,0,4,3,0,5,80,68,144,8877,9312,18187,220,175,396,9174,9555,18733
209011204,29,30,61,0,0,0,0,4,4,29,34,65,4382,4557,8936,115,119,232,4527,4709,9236
209021205,34,42,74,0,0,0,0,3,5,31,42,80,4943,4950,9891,239,202,443,5213,5193,10408
209021428,117,102,215,3,4,6,0,4,3,121,110,231,9559,10162,19723,375,389,764,10052,10663,20711
209021429,35,46,80,3,0,3,0,0,3,45,46,89,5939,6299,12237,185,183,372,6166,6526,12696
209021523,105,135,240,5,0,5,0,4,4,108,139,248,6751,7077,13827,371,349,723,7234,7562,14795
209021524,38,29,64,0,0,0,3,0,5,39,31,72,4641,4638,9275,240,215,454,4921,4884,9801
209021525,88,82,169,3,0,3,6,4,11,102,86,186,5835,6021,11852,379,381,760,6310,6486,12799
209021526,92,92,182,5,0,5,6,5,7,96,99,197,6619,6732,13348,284,264,546,6992,7093,14090
209031209,58,73,126,0,0,0,0,0,4,65,70,136,11135,11623,22761,270,281,552,11472,11977,23444
209031210,16,13,26,0,0,0,0,0,0,16,10,27,1728,1723,3445,41,44,84,1781,1777,3554
209031211,26,29,60,6,0,6,0,0,0,27,38,65,1967,1775,3737,217,188,400,2213,1991,4204
209031212,23,21,42,0,0,0,0,0,0,23,21,42,2408,2383,4795,133,121,252,2561,2529,5091
209031213,23,14,37,0,0,0,0,0,0,23,14,40,4590,4634,9225,105,84,187,4725,4733,9454
209031214,19,15,31,0,0,0,0,0,0,19,14,37,3334,3379,6705,103,92,195,3447,3484,6935
209031215,45,50,92,7,3,12,0,0,0,51,51,100,6907,7094,14007,155,148,306,7116,7297,14417
209041216,26,22,47,4,3,6,3,4,5,33,27,54,3490,3543,7034,139,118,263,3659,3689,7350
209041217,39,27,67,0,4,3,0,0,0,40,31,75,3002,2865,5868,138,108,247,3179,3009,6186
209041220,80,81,160,0,0,0,0,3,6,86,82,168,8242,8514,16755,258,290,553,8580,8891,17470
209041221,53,51,109,0,0,0,0,0,4,58,51,110,5394,5389,10784,177,169,346,5625,5616,11240
209041223,68,80,147,0,4,5,0,9,6,73,89,157,9573,9477,19046,422,374,798,10060,9936,19998
209041224,215,212,430,3,6,5,0,3,4,222,221,447,10673,10438,21112,549,527,1076,11445,11182,22627
209041225,60,65,126,0,0,3,0,3,3,60,71,134,4857,4927,9783,372,379,748,5289,5375,10661
209041431,70,70,141,0,3,3,0,0,0,70,73,144,5979,6001,11977,473,548,1023,6518,6627,13144
209041432,52,51,106,0,0,0,4,0,0,60,52,110,3798,3868,7671,239,188,427,4092,4110,8204
209041433,26,44,69,0,0,0,0,3,3,24,48,71,5845,5817,11662,204,208,410,6068,6074,12143
209041435,40,52,88,0,0,0,3,0,7,43,50,89,6029,6216,12252,136,117,254,6207,6388,12595
209041436,38,61,102,0,0,0,0,0,0,38,61,102,5875,6077,11951,157,176,335,6076,6319,12392
209041437,68,75,145,4,0,7,3,4,4,74,81,155,11816,11664,23479,411,359,770,12295,12108,24407
209041527,112,95,209,0,4,8,0,3,7,114,106,223,7647,8043,15693,191,195,386,7956,8346,16299
209041528,75,73,150,4,7,5,0,0,0,77,79,159,4877,5180,10056,121,131,255,5075,5396,10471
209041529,51,43,95,3,0,3,4,0,4,55,43,102,4728,4654,9380,244,228,467,5030,4922,9947
209041530,36,49,87,6,0,6,5,0,9,45,53,98,6323,6449,12775,316,322,637,6682,6826,13513
209041531,81,69,152,3,0,5,9,5,15,92,79,166,5301,5619,10921,171,171,335,5559,5866,11427
209041532,64,84,155,0,6,5,0,0,0,72,88,154,5629,5802,11422,178,179,361,5874,6069,11940
210011226,23,21,43,0,0,6,0,0,0,24,24,45,3856,4075,7934,103,96,194,3979,4191,8173
210011227,0,0,0,0,0,0,0,0,0,0,0,0,6,5,13,3,0,5,5,6,13
210011228,18,6,34,0,0,0,0,0,6,26,11,34,4076,4189,8265,112,130,244,4216,4333,8548
210011230,17,8,27,0,0,0,0,0,0,17,11,32,3475,3734,7206,102,118,225,3595,3865,7460
210011231,25,26,56,3,0,5,0,0,0,27,30,62,4843,4904,9746,116,103,219,4993,5037,10031
210011533,23,12,42,4,0,4,3,0,4,30,16,50,5787,6158,11950,213,180,390,6032,6357,12388
210011534,24,21,47,3,0,3,0,6,3,30,22,55,7027,7519,14549,232,240,477,7292,7780,15073
210021232,77,46,122,7,4,13,3,4,7,87,55,145,6685,6907,13593,249,241,487,7018,7201,14222
210021233,7,9,19,0,0,0,0,0,0,7,9,19,1714,1581,3296,109,97,211,1835,1688,3523
210021234,21,18,41,0,3,3,0,0,0,21,19,39,2038,2206,4245,93,80,177,2154,2308,4457
210021235,68,67,131,0,0,5,0,0,0,72,68,132,4985,5070,10056,285,286,573,5344,5422,10765
210031236,26,45,74,0,0,0,0,0,0,33,45,75,3909,4026,7943,204,199,408,4149,4277,8425
210031237,26,19,49,0,0,5,0,0,0,29,27,50,6720,6468,13184,395,374,768,7133,6871,14002
210031439,5,4,9,0,0,0,0,0,0,5,4,9,1459,1572,3029,41,32,73,1502,1612,3111
210031440,21,16,32,0,0,0,0,3,0,20,19,37,2853,3025,5872,172,152,323,3045,3195,6241
210031535,46,38,83,0,0,3,0,0,0,45,44,86,6830,6968,13792,469,432,896,7345,7439,14783
210031536,29,25,48,0,0,0,0,0,0,26,23,52,4232,4156,8392,217,192,409,4486,4373,8857
210031537,24,21,45,0,0,0,0,0,0,24,21,45,3725,3830,7554,143,149,301,3899,4004,7898
210031538,42,59,100,0,5,5,0,0,0,42,60,104,7943,8509,16455,318,344,659,8303,8914,17214
210041240,102,64,165,4,7,12,7,3,6,110,74,184,6468,6536,13006,250,234,489,6829,6843,13671
210041539,35,37,74,0,0,0,0,0,0,35,37,71,2465,2480,4944,117,103,220,2617,2623,5237
210041540,79,68,149,4,3,4,0,0,4,81,78,158,6770,7408,14181,316,328,646,7172,7816,14985
210041541,74,68,138,4,4,9,7,5,10,77,74,157,5204,5414,10612,191,203,400,5476,5694,11166
210051242,74,71,141,4,6,10,0,0,4,76,75,153,6616,5871,12484,681,544,1229,7367,6490,13859
210051243,58,52,112,8,3,13,3,0,0,68,56,124,7586,7268,14857,560,514,1072,8214,7842,16057
210051245,44,60,105,4,5,7,0,0,0,51,60,108,8498,8750,17247,323,351,673,8865,9163,18024
210051246,51,48,96,0,4,4,0,0,0,51,51,103,10621,10730,21354,355,286,642,11025,11073,22095
210051247,58,69,123,3,6,6,0,0,0,57,74,131,6782,7010,13790,470,499,973,7313,7576,14890
210051248,0,0,0,0,0,0,0,0,0,0,0,0,35,39,78,33,16,48,72,59,126
210051250,15,24,38,0,0,0,0,0,0,15,24,41,3082,3153,6236,156,140,296,3253,3320,6576
210051441,31,51,81,0,0,0,0,0,0,31,51,81,3802,3784,7585,217,210,429,4056,4047,8099
210051442,56,35,87,0,0,0,3,0,3,57,36,89,5844,5888,11732,255,235,491,6160,6154,12309
210051443,66,65,133,5,0,3,0,0,5,75,66,145,10415,10180,20590,482,455,935,10969,10706,21673
210051445,89,81,170,4,5,10,0,0,4,96,85,182,11077,10922,21998,612,586,1199,11779,11594,23374
210051542,28,17,44,0,0,0,0,0,0,28,17,48,4855,4670,9526,135,135,269,5018,4825,9842
210051543,29,31,55,0,0,3,0,0,0,28,28,57,6169,6263,12435,258,250,504,6453,6545,12999
210051544,14,21,30,0,0,0,0,0,0,14,16,32,4520,4553,9075,195,176,368,4734,4746,9479
210051545,33,32,66,4,3,6,3,0,5,41,39,76,6939,7104,14042,277,264,533,7255,7401,14658
211011251,66,59,128,0,0,3,0,0,0,72,60,131,5901,6135,12035,219,205,428,6190,6400,12589
211011254,38,41,81,4,0,4,0,0,0,39,45,89,7986,8122,16106,195,211,405,8229,8369,16601
211011255,14,18,33,0,0,3,0,0,0,13,25,39,3210,3211,6418,69,72,137,3290,3301,6594
211011256,43,44,93,0,0,0,0,0,0,43,47,93,7366,7671,15036,152,139,291,7556,7860,15418
211011257,7,19,24,4,0,4,0,0,4,7,16,24,3778,3952,7728,87,68,154,3874,4038,7905
211011258,19,13,32,0,0,0,0,0,0,19,13,32,5048,5083,10132,105,111,218,5175,5203,10375
211011259,26,31,59,0,0,0,0,4,4,29,33,65,6763,7152,13917,183,182,364,6974,7368,14341
211011260,33,34,66,0,0,0,0,0,0,32,30,66,8393,9079,17469,191,212,404,8622,9323,17942
211011446,101,105,199,3,5,4,5,0,7,106,105,215,10906,11571,22478,429,434,865,11444,12114,23560
211011447,61,69,129,4,0,6,4,3,3,67,75,140,6610,6937,13549,219,235,454,6894,7247,14145
211011448,46,54,98,0,0,3,0,0,3,46,58,103,7304,7485,14788,228,212,437,7573,7755,15334
211011449,17,27,40,0,0,0,0,0,0,17,27,42,2069,2110,4184,57,64,121,2150,2198,4345
211021261,35,20,53,0,0,3,0,0,0,36,18,59,7675,8121,15793,194,225,420,7903,8364,16275
211021262,21,19,41,0,0,4,0,0,0,23,23,43,4885,4948,9831,117,120,239,5020,5088,10112
211031263,38,42,75,0,0,0,0,0,0,39,39,79,5598,5857,11455,163,174,335,5800,6070,11871
211031265,62,58,118,8,0,8,0,0,0,66,60,129,8611,8985,17605,169,159,328,8850,9206,18059
211031266,42,49,96,4,0,3,0,0,0,49,52,103,8777,9268,18043,295,277,568,9122,9597,18715
211031267,67,65,137,3,4,5,0,8,7,72,73,147,9938,10472,20407,304,275,573,10315,10820,21132
211031268,20,16,36,0,0,0,0,0,0,25,16,39,4655,4792,9444,86,84,164,4761,4893,9654
211031450,52,50,103,0,0,0,4,5,4,58,57,110,7309,8206,15517,227,256,483,7592,8516,16109
211031451,40,35,75,0,3,5,0,0,0,39,32,80,6421,7235,13660,188,223,407,6655,7491,14139
211031452,25,14,35,4,0,8,0,0,0,24,13,41,2281,2457,4740,57,58,114,2367,2531,4898
211041269,13,18,36,0,0,0,0,0,0,16,18,33,4980,5463,10446,146,157,301,5139,5636,10780
211041270,26,36,60,0,0,0,0,3,0,24,39,67,7934,8460,16390,168,172,338,8126,8667,16795
211041271,17,26,40,0,0,0,0,0,0,24,26,45,5758,6063,11818,263,288,551,6041,6371,12413
211041272,12,20,36,0,0,0,0,5,5,12,21,35,5281,5507,10786,80,89,171,5382,5614,10993
211041273,6,14,23,0,0,0,0,0,0,10,14,19,5625,6075,11697,110,130,241,5744,6210,11954
211051274,26,25,51,0,0,0,0,3,3,28,25,50,4843,4804,9646,158,152,315,5027,4979,10005
211051275,55,29,83,3,5,4,5,0,0,59,36,91,5540,5793,11330,178,174,354,5780,5995,11779
211051276,161,196,354,4,9,17,6,0,6,166,203,373,6379,6681,13056,309,330,639,6854,7210,14065
211051277,53,70,122,0,0,4,3,0,3,50,72,124,4549,4961,9509,141,137,276,4742,5173,9916
211051278,119,120,239,7,3,12,0,5,6,130,126,260,9122,9583,18704,325,311,638,9575,10023,19599
211051279,14,9,25,4,0,4,0,0,0,15,9,29,2801,2772,5577,113,93,209,2937,2879,5816
211051280,26,18,37,0,0,0,0,0,0,28,18,44,3293,3428,6722,100,83,178,3418,3526,6943
211051281,103,77,180,10,8,12,3,0,9,118,87,204,11039,11297,22340,315,286,601,11474,11671,23146
211051282,39,37,77,0,4,5,0,5,7,42,44,80,4661,4639,9303,166,153,317,4868,4836,9706
211051283,50,45,93,0,0,5,0,0,0,53,47,101,4724,4806,9533,82,79,164,4863,4937,9799
211051284,14,24,37,0,0,5,0,0,0,13,25,40,4747,4786,9533,114,95,212,4878,4898,9777
211051285,34,39,72,3,0,3,0,0,3,36,36,77,3719,3853,7571,136,114,251,3900,4009,7902
211051286,113,103,215,0,0,4,0,0,3,113,107,220,7738,7727,15468,592,517,1107,8447,8355,16799
212011289,64,61,123,3,4,9,3,4,3,72,67,141,8801,8597,17398,558,536,1095,9430,9202,18633
212011546,59,56,118,4,0,4,0,3,3,62,57,126,11229,11586,22819,347,347,691,11644,11994,23632
212011547,62,45,107,0,0,5,3,0,3,64,52,108,4522,4547,9068,344,349,691,4929,4946,9868
212011548,54,64,118,4,4,6,0,0,3,64,65,130,4653,4779,9430,271,245,509,4979,5091,10069
212011549,68,102,171,7,0,9,0,0,3,82,104,186,7118,7440,14554,333,363,697,7533,7909,15441
212011550,38,40,80,0,0,0,3,0,3,42,40,86,3447,3748,7190,100,100,197,3590,3891,7479
212011551,41,45,84,0,0,0,0,0,0,42,41,88,2901,3019,5914,196,238,433,3141,3298,6439
212011552,119,157,269,7,7,13,4,0,0,125,162,281,12495,12973,25465,509,523,1035,13125,13658,26783
212021293,45,44,89,0,0,3,3,0,3,51,41,95,10429,11614,22041,377,446,825,10858,12102,22963
212021295,50,51,103,4,0,6,0,0,0,58,57,113,5747,5224,10974,441,367,807,6245,5645,11889
212021297,17,19,35,4,0,7,0,0,0,17,22,40,5419,5422,10843,308,290,595,5740,5731,11472
212021299,17,23,37,0,0,0,0,0,0,17,23,37,3938,3957,7894,155,148,310,4107,4135,8241
212021453,30,46,71,3,6,3,0,0,0,30,45,79,5762,5746,11505,259,249,504,6050,6036,12086
212021454,17,19,34,0,0,0,0,0,0,17,21,37,6439,6349,12792,292,240,532,6748,6610,13360
212021455,43,46,84,0,0,0,3,3,5,41,51,93,6450,6443,12886,265,258,527,6759,6750,13504
212021456,41,72,115,3,0,5,0,0,0,48,80,124,6918,6960,13876,366,394,757,7332,7431,14758
212021553,28,47,75,4,5,10,3,0,5,36,49,82,8540,8627,17165,260,257,513,8831,8927,17760
212021554,30,31,57,0,0,0,0,0,0,30,31,57,5422,5419,10845,174,173,350,5627,5624,11254
212031300,110,108,218,4,4,7,3,0,3,117,115,233,9895,9712,19612,720,723,1447,10735,10544,21281
212031303,99,69,168,4,5,10,4,0,4,110,76,179,8126,8481,16606,312,303,616,8549,8860,17400
212031304,83,82,169,0,3,3,0,0,0,83,82,171,10185,10445,20628,376,359,737,10646,10890,21535
212031306,17,18,36,0,0,0,0,0,0,22,17,39,8697,8736,17432,292,263,555,9014,9018,18027
212031308,50,52,103,3,6,9,0,3,4,54,54,110,3858,3653,7508,225,186,408,4137,3893,8024
212031457,21,29,50,0,0,0,0,0,0,21,31,49,6437,6385,12824,142,131,274,6600,6550,13152
212031458,55,59,110,0,0,3,0,5,7,55,60,121,7980,8096,16074,261,260,521,8298,8419,16713
212031555,22,19,43,0,0,0,0,0,3,25,26,45,4969,5240,10209,127,150,282,5121,5416,10535
212031556,24,23,48,0,0,0,0,0,0,25,23,49,7141,7167,14304,231,216,447,7394,7408,14802
212031557,86,89,172,0,0,0,7,0,4,93,90,186,11089,11303,22387,427,420,841,11605,11806,23415
212031558,39,42,84,5,5,5,0,0,0,47,47,96,5744,5967,11713,245,236,484,6039,6254,12289
212031559,34,14,51,0,0,0,0,4,6,39,17,58,6135,6228,12366,178,175,350,6354,6415,12772
212031560,56,57,109,0,0,3,0,0,0,60,60,114,5608,5628,11240,281,270,550,5952,5954,11910
212031561,31,37,71,0,0,4,0,0,4,39,35,76,6070,5872,11933,367,338,706,6477,6243,12715
212031562,49,60,110,0,4,6,0,0,3,53,61,114,6400,6097,12506,390,363,750,6842,6528,13368
212041309,12,7,15,0,0,0,0,0,0,10,9,22,5520,5682,11201,166,171,335,5696,5860,11554
212041310,18,16,34,0,0,0,0,0,0,18,16,34,6626,6216,12843,266,232,506,6911,6476,13381
212041312,67,76,138,4,3,8,0,0,4,68,79,153,10731,10502,21239,599,546,1143,11400,11128,22526
212041313,22,10,33,0,0,0,0,0,0,20,10,31,5015,5192,10205,139,125,260,5169,5322,10499
212041316,17,17,37,0,4,5,0,0,0,18,20,35,3591,3530,7124,150,145,295,3759,3699,7456
212041317,21,15,40,0,0,0,0,0,0,24,20,45,10923,10341,21266,490,443,937,11440,10800,22248
212041318,13,16,29,0,0,0,0,0,0,13,16,29,6090,6140,12226,196,172,372,6299,6325,12621
212041459,39,30,74,3,4,9,0,0,0,39,42,81,6099,5871,11971,363,325,689,6500,6236,12739
212041460,17,23,39,0,3,4,0,0,3,15,32,48,9316,9440,18754,412,371,780,9745,9842,19591
212041563,56,60,119,3,5,11,3,3,4,65,65,131,10134,9386,19519,1059,777,1838,11256,10228,21487
212041564,10,16,29,0,0,0,0,0,0,10,16,29,4558,4222,8783,300,242,541,4874,4478,9350
212041565,19,15,35,0,0,0,0,0,0,20,15,38,7274,7309,14588,224,247,468,7524,7573,15096
212041566,13,12,23,0,4,4,0,0,0,13,15,30,7342,7453,14799,142,127,269,7500,7603,15093
212051319,38,38,72,0,0,3,0,5,3,39,39,81,9261,9474,18745,374,315,686,9678,9829,19507
212051321,17,4,23,0,0,0,0,0,0,17,6,25,10378,10678,21059,252,273,523,10648,10955,21603
212051322,20,21,43,0,0,0,0,0,4,22,28,46,10045,10200,20240,364,386,751,10429,10611,21036
212051323,13,14,26,0,0,0,0,0,0,13,16,27,7648,7964,15615,215,219,432,7875,8198,16073
212051324,14,30,45,0,0,0,0,0,0,14,29,44,9207,9501,18711,268,235,509,9496,9769,19265
212051325,25,24,49,0,0,4,0,0,0,29,27,55,9630,9647,19277,322,231,549,9982,9903,19889
212051326,43,39,79,3,0,3,0,0,3,48,36,86,10945,11128,22075,390,375,765,11380,11547,22928
212051327,11,17,28,3,0,3,0,5,4,14,24,35,9681,10236,19912,322,380,705,10022,10635,20652
212051567,34,26,57,0,0,0,0,3,4,33,28,61,4667,4274,8942,510,317,825,5212,4615,9829
212051568,14,11,32,0,0,0,0,0,0,14,18,34,6112,5289,11398,343,277,622,6466,5581,12052
213011328,32,20,52,0,0,0,0,0,0,29,18,48,3590,3312,6902,310,237,548,3933,3569,7502
213011329,4,8,16,0,0,0,0,0,0,4,8,16,4777,4950,9731,154,145,296,4940,5103,10038
213011331,9,19,34,0,0,0,0,0,0,17,19,30,3781,3926,7710,175,162,334,3975,4110,8077
213011332,29,32,65,0,0,0,0,0,5,32,35,70,6107,6339,12447,312,253,568,6455,6628,13082
213011333,37,23,62,0,0,0,0,0,3,39,32,72,6548,6600,13147,390,376,765,6983,6997,13983
213011334,29,31,62,4,0,4,0,3,3,33,36,68,9482,9405,18882,871,755,1625,10378,10201,20581
213011335,33,44,77,0,0,0,0,0,0,33,44,77,7940,7907,15848,783,746,1532,8759,8701,17454
213011336,28,21,50,0,0,3,0,3,3,33,29,57,4556,4316,8869,286,223,514,4871,4567,9445
213011337,21,23,45,0,0,0,0,0,0,25,23,47,5629,5682,11310,348,347,690,5990,6051,12047
213011338,45,55,97,0,0,0,0,0,0,45,55,97,8828,8649,17478,514,472,983,9385,9173,18558
213011339,35,30,67,0,0,3,0,0,0,36,35,73,5523,5661,11181,236,238,474,5797,5934,11726
213011340,25,38,59,0,0,3,0,0,0,28,37,63,8142,8278,16414,224,212,436,8384,8524,16910
213011569,41,33,77,0,0,0,0,0,0,41,35,72,8455,8364,16824,584,527,1107,9081,8930,18004
213011570,11,10,28,0,0,0,0,0,0,15,10,28,4161,4138,8300,171,149,320,4347,4306,8653
213021341,35,43,79,0,0,0,0,0,0,35,43,79,6156,6757,12913,281,285,568,6470,7084,13556
213021342,68,57,124,5,0,3,4,0,4,72,57,130,8474,9117,17587,395,364,763,8939,9535,18479
213021343,47,42,87,4,8,9,0,3,3,56,51,103,6830,7206,14032,411,391,799,7293,7638,14931
213021344,63,41,108,0,4,6,5,0,4,75,50,120,8832,9236,18068,301,266,569,9206,9550,18753
213021345,18,20,38,0,0,0,0,0,0,18,17,36,2328,2400,4732,95,98,188,2440,2514,4952
213021346,53,46,95,3,5,9,0,0,0,57,50,110,7540,7769,15312,231,263,491,7831,8082,15912
213031347,67,61,128,5,4,3,9,0,9,79,63,141,8980,8962,17942,521,461,983,9581,9489,19068
213031348,55,64,117,0,0,3,0,5,5,53,70,124,8075,7750,15816,657,531,1185,8787,8347,17131
213031349,28,21,54,0,0,0,0,0,5,35,22,60,6038,6072,12116,192,198,395,6270,6299,12573
213031350,39,22,62,0,0,3,0,0,0,42,29,63,4430,4504,8933,136,112,243,4601,4639,9247
213031351,56,55,113,5,3,7,0,0,0,64,59,121,5550,5460,11011,347,255,604,5964,5771,11735
213031352,71,53,124,0,0,0,0,0,0,74,59,130,7183,7655,14832,256,244,500,7509,7956,15463
213041353,184,169,356,6,3,14,0,8,14,198,183,379,11431,12018,23450,442,444,887,12067,12651,24717
213041358,169,187,355,0,0,0,7,13,16,175,193,376,9538,9999,19541,652,637,1293,10373,10836,21208
213041359,297,80,379,6,0,8,0,5,3,305,81,391,8906,7502,16402,388,372,759,9604,7949,17553
213041360,20,29,49,0,0,0,0,0,0,24,29,54,9404,9568,18971,262,254,513,9693,9845,19539
213041461,15,13,27,0,0,0,0,0,0,15,13,27,2689,2827,5518,132,122,253,2832,2963,5800
213041462,5,0,9,0,0,0,0,0,0,5,0,9,3078,3178,6251,64,56,120,3140,3233,6377
213041463,40,48,87,0,0,0,4,4,6,52,48,99,9638,9908,19548,363,352,717,10056,10312,20365
213041571,46,57,106,6,4,8,0,0,7,57,64,119,4573,4727,9301,196,211,410,4831,4999,9829
213041572,36,36,74,0,0,0,4,5,6,37,37,77,3591,3546,7141,184,202,387,3811,3787,7598
213041573,30,30,62,0,0,0,0,0,0,30,30,62,1400,1454,2859,34,39,75,1473,1524,2990
213041574,20,26,51,0,0,0,0,0,0,20,26,51,4798,4939,9738,147,164,317,4970,5131,10098
213041575,41,36,77,0,0,0,3,0,3,43,39,78,7764,7868,15638,257,216,470,8060,8122,16182
213041576,108,137,249,0,0,0,0,4,7,112,146,252,5314,5489,10807,288,285,572,5715,5922,11632
213041577,92,95,189,0,0,4,3,0,3,99,99,199,3479,3508,6984,351,353,706,3924,3963,7886
213041578,114,134,252,4,5,9,0,0,3,126,142,265,7407,7647,15051,659,683,1345,8196,8469,16658
213051361,78,82,163,0,0,0,0,0,3,81,87,164,8710,8746,17451,437,390,825,9225,9223,18446
213051362,87,86,172,3,4,5,0,3,3,91,92,179,8806,8730,17534,572,484,1055,9466,9305,18772
213051363,38,41,76,0,0,0,0,0,5,34,46,82,5589,5082,10669,400,309,707,6024,5436,11459
213051368,70,96,167,3,0,3,3,0,6,73,95,176,7767,7985,15754,449,439,881,8294,8522,16810
213051464,59,48,106,3,0,0,5,7,7,68,55,119,9207,9099,18302,437,413,852,9705,9565,19274
213051466,39,54,91,0,0,0,3,0,3,41,51,89,9222,9199,18423,302,270,573,9569,9523,19091
213051467,143,142,289,0,3,4,0,0,4,146,153,299,8542,8960,17500,587,619,1214,9277,9729,19010
213051468,177,197,377,0,0,0,3,0,4,180,196,383,10346,10505,20847,568,546,1110,11092,11250,22341
213051579,44,46,95,0,0,0,0,0,0,45,46,94,5056,5070,10133,207,189,389,5311,5311,10616
213051580,36,46,76,0,0,6,5,0,6,40,48,88,6781,6799,13578,265,230,500,7093,7077,14167
213051581,35,18,55,0,3,3,0,4,4,37,27,59,4582,4618,9197,153,153,306,4767,4800,9565
213051582,14,17,28,0,0,0,0,0,0,14,17,28,4908,4678,9587,272,243,512,5186,4938,10132
213051583,47,59,105,0,0,0,5,3,5,54,65,112,13505,13038,26541,765,689,1457,14327,13783,28116
213051584,9,13,26,0,4,3,0,0,0,14,15,33,3563,3193,6759,208,204,411,3786,3413,7197
213051585,22,30,46,0,0,0,0,0,0,23,30,50,5248,5351,10593,253,282,534,5519,5656,11182
213051586,127,4,131,0,0,0,0,0,0,130,8,134,4963,3789,8755,259,188,443,5356,3984,9340
213051587,12,12,20,0,0,0,0,0,0,12,12,20,4818,4402,9219,188,169,356,5020,4579,9596
213051588,26,26,50,3,3,6,0,0,0,28,29,58,9130,8728,17860,603,548,1146,9756,9311,19065
213051589,49,81,132,0,0,0,3,0,4,54,91,144,4127,4211,8341,271,284,554,4450,4587,9032
213051590,120,129,244,0,0,0,0,0,3,121,130,248,6341,6420,12757,284,256,542,6746,6803,13546
214011370,167,167,335,3,8,12,3,0,3,174,177,349,10108,10640,20746,446,441,884,10727,11259,21976
214011371,132,153,283,7,7,15,10,10,22,154,168,319,10483,11241,21722,799,746,1543,11437,12152,23586
214011372,175,183,354,3,9,13,5,4,9,181,196,375,8702,8900,17595,752,721,1474,9640,9815,19453
214011373,69,56,125,0,3,3,0,3,4,69,64,136,8694,9428,18119,283,263,551,9048,9752,18801
214011374,109,114,219,0,7,13,0,0,3,113,116,232,11684,12312,23994,370,344,718,12166,12770,24939
214011375,121,113,231,10,6,14,4,4,4,130,125,252,7833,8170,16000,473,495,966,8436,8780,17215
214011376,58,73,130,3,0,4,0,0,0,60,75,133,6362,6466,12826,166,172,341,6592,6711,13303
214021377,54,61,115,0,0,3,0,0,0,56,58,119,6059,6408,12469,374,410,784,6487,6879,13366
214021378,18,19,33,0,0,0,0,0,0,18,19,33,2738,2762,5504,231,223,460,2991,3003,5995
214021379,236,186,420,14,14,29,7,13,19,256,216,468,10951,11218,22172,672,663,1332,11879,12086,23970
214021381,52,38,90,0,0,5,0,0,0,56,42,94,8775,9327,18099,281,265,544,9106,9628,18734
214021382,53,50,105,3,0,10,3,0,6,62,59,119,9148,9942,19093,295,336,630,9504,10340,19846
214021383,94,76,171,4,0,3,0,3,10,97,84,185,9000,9064,18061,771,790,1566,9873,9941,19811
214021384,145,143,286,7,10,14,9,6,9,158,158,311,9984,11166,21145,718,765,1484,10861,12086,22944
214021385,98,82,177,4,0,8,0,3,3,103,87,187,8602,9111,17710,309,309,624,9011,9510,18522
214021591,78,76,151,3,0,7,0,0,4,85,80,161,6868,7659,14528,241,247,494,7190,7984,15175
214021592,30,19,49,4,0,4,0,0,0,34,20,50,4569,5574,10137,166,223,393,4770,5814,10581
215011386,113,58,168,8,0,11,5,0,3,124,61,181,4159,3711,7869,239,208,448,4522,3976,8500
215011387,24,18,42,0,0,0,0,0,0,24,18,45,1505,1410,2920,125,115,245,1657,1548,3204
215011388,155,157,311,8,6,12,0,5,8,163,173,335,7632,8194,15831,425,398,821,8217,8764,16985
215011389,11,10,23,0,0,0,0,0,0,15,10,25,1671,1558,3235,114,91,212,1804,1663,3471
215011390,46,58,103,0,4,0,0,0,0,48,60,105,3244,3247,6488,183,176,365,3471,3482,6956
215011391,33,34,62,3,0,3,0,3,3,31,34,67,1575,1590,3162,110,113,220,1720,1734,3453
215011392,76,73,144,5,7,7,5,3,8,85,77,163,3798,3794,7593,395,352,746,4274,4227,8504
215011393,16,18,28,0,0,0,0,0,0,16,18,35,1258,1219,2473,129,130,258,1401,1364,2766
215011394,51,42,93,8,0,10,3,3,11,59,52,111,3003,2928,5929,230,224,456,3292,3206,6501
215021395,103,76,179,0,0,0,6,5,3,101,77,185,3455,3473,6935,309,273,584,3874,3831,7700
215021396,97,124,222,0,0,0,6,0,6,98,124,228,2155,2122,4275,242,227,469,2496,2477,4976
215021398,43,38,81,3,5,6,0,0,0,48,41,84,1751,1534,3282,196,160,357,1995,1733,3726
215021399,122,99,223,3,0,6,8,8,17,131,115,240,2733,2697,5426,252,215,468,3119,3018,6138
215021469,504,615,1118,15,3,22,15,21,38,533,641,1172,7585,8001,15582,621,650,1271,8739,9292,18027
215021470,310,368,675,3,8,16,7,8,19,325,382,704,6990,7717,14710,510,480,988,7825,8585,16408
215031400,43,42,84,3,3,12,0,0,0,45,47,92,2863,2706,5569,276,238,522,3187,2995,6184
215031401,58,51,113,0,0,0,0,5,7,62,57,119,3073,3002,6078,272,249,520,3408,3312,6719
215031402,75,70,142,0,0,3,0,0,3,75,77,153,1699,1856,3554,128,126,259,1908,2055,3960
215031403,119,135,254,9,0,6,3,12,16,131,148,278,1597,1435,3036,226,211,433,1950,1796,3740
215031404,199,253,450,9,12,20,0,4,10,210,266,473,4798,5231,10030,316,361,678,5324,5858,11186
215031405,110,86,194,4,0,5,6,9,12,116,95,220,3004,2633,5637,350,271,629,3472,3004,6477
216011406,290,330,619,5,3,6,7,3,8,302,337,637,6769,7361,14132,433,436,867,7501,8140,15636
216011407,140,128,265,4,5,13,0,0,4,145,137,285,5067,5165,10222,329,289,614,5535,5587,11121
216011408,37,26,60,0,0,0,6,4,9,46,27,75,1822,1685,3506,167,180,348,2036,1890,3927
216011409,33,44,80,3,0,0,0,0,0,38,45,83,1782,1890,3666,142,123,263,1962,2057,4016
216011410,44,43,86,5,3,3,0,0,4,45,45,94,1907,1806,3712,203,175,384,2161,2033,4193
216021411,66,59,122,0,9,3,3,5,9,71,70,139,2968,2946,5911,217,200,417,3256,3211,6465
216021412,36,36,69,0,0,0,4,0,4,38,36,74,1306,1246,2558,124,92,215,1469,1373,2843
216021413,158,157,315,3,9,12,0,0,0,166,163,321,5614,5597,11210,526,490,1014,6310,6250,12555
216021414,54,50,95,3,3,3,3,5,8,57,54,106,3925,4160,8089,220,242,463,4201,4453,8661
216031415,288,284,574,3,9,10,11,13,22,310,301,615,3356,3574,6935,405,351,761,4076,4234,8312
216031416,326,375,707,8,14,18,13,12,23,347,400,747,8759,9145,17900,621,655,1274,9726,10201,19928
216031418,31,47,78,0,0,5,0,0,0,34,48,81,1910,1719,3628,173,134,306,2117,1899,4017
216031419,149,119,266,4,0,4,0,3,8,163,120,278,4804,4503,9310,409,354,760,5377,4973,10346
216031593,77,93,175,0,3,3,0,0,0,81,97,181,4256,4375,8627,147,135,274,4486,4599,9082
216031594,359,384,739,11,8,21,12,12,24,375,409,782,7158,7399,14554,607,578,1180,8135,8386,16520
217011420,113,131,234,0,0,6,4,8,11,114,135,255,4076,3946,8022,328,319,648,4526,4397,8920
217011421,112,135,252,9,3,6,6,0,4,121,140,262,4604,4974,9580,234,272,503,4961,5382,10346
217011422,171,150,322,9,5,10,3,0,3,180,153,332,5019,5234,10250,329,313,644,5529,5700,11230
217011423,66,62,124,0,0,0,0,0,0,64,59,126,2916,2844,5760,206,200,413,3191,3108,6301
217031471,14,8,27,0,0,0,0,0,0,14,15,31,1565,1672,3238,110,109,222,1693,1798,3491
217031472,93,94,185,0,8,5,0,0,0,95,101,197,5876,6114,11994,284,287,568,6256,6503,12756
217031473,39,18,58,0,0,0,0,0,0,39,18,58,2707,2514,5223,205,182,388,2951,2721,5669
217031474,34,26,67,5,5,7,0,0,0,39,37,76,2465,2467,4933,215,174,387,2717,2678,5395
217031475,44,57,95,0,0,0,0,0,0,44,57,95,3392,3221,6615,247,223,473,3682,3499,7180
217031476,23,29,58,0,0,0,0,0,0,27,34,57,1755,1740,3503,237,211,447,2025,1986,4008
217041477,53,79,130,0,0,0,6,0,6,64,79,139,3212,3202,6417,242,218,463,3517,3496,7018
217041478,75,76,156,0,0,3,0,0,0,82,77,158,4528,4749,9275,294,288,584,4903,5113,10014
217041479,235,221,455,3,0,3,9,0,9,245,224,470,10013,10865,20878,526,532,1060,10782,11624,22405
217041480,120,110,228,7,0,7,0,0,0,127,110,236,5918,6494,12417,370,322,689,6412,6926,13337
297979799,0,0,0,0,0,0,0,0,0,0,0,0,10,0,13,24,3,27,36,6,38
299999499,241,206,448,4,3,9,0,0,4,246,214,462,3882,3169,7052,1042,537,1580,5170,3915,9089
